{"frameSize":512,"alphaBounds":{"x":170,"y":58,"w":169,"h":399},"visualScale":0.8471177944862155,"spriteY":0.8780045817669173}