{"frameSize":512,"alphaBounds":{"x":162,"y":67,"w":194,"h":390},"visualScale":0.8666666666666667,"spriteY":0.8978046875000001}