{"frameSize":512,"alphaBounds":{"x":174,"y":106,"w":171,"h":317},"visualScale":1.0662460567823344,"spriteY":0.9172710469242903}