{"frameSize":512,"alphaBounds":{"x":146,"y":102,"w":220,"h":319},"visualScale":1.0595611285266457,"spriteY":0.9009671336206896}