{"frameSize":512,"alphaBounds":{"x":216,"y":86,"w":168,"h":415},"visualScale":0.8144578313253013,"spriteY":1.0255054593373496}