{"frameSize":512,"alphaBounds":{"x":175,"y":129,"w":164,"h":281},"visualScale":1.2028469750889679,"spriteY":0.9534280471530249}