{"frameSize":512,"alphaBounds":{"x":161,"y":79,"w":178,"h":361},"visualScale":0.9362880886426593,"spriteY":0.8881146121883657}