{"frameSize":512,"alphaBounds":{"x":193,"y":98,"w":125,"h":311},"visualScale":1.0868167202572347,"spriteY":0.857910219051447}