{"frameSize":512,"alphaBounds":{"x":174,"y":102,"w":232,"h":405},"visualScale":0.8345679012345679,"spriteY":1.0755653935185185}