{"frameSize":512,"alphaBounds":{"x":191,"y":106,"w":127,"h":288},"visualScale":1.1736111111111112,"spriteY":0.8361181640625001}