{"frameSize":512,"alphaBounds":{"x":179,"y":78,"w":119,"h":366},"visualScale":0.9234972677595629,"spriteY":0.8948693647540984}