{"frameSize":512,"alphaBounds":{"x":158,"y":71,"w":208,"h":371},"visualScale":0.9110512129380054,"spriteY":0.8738969845013477}