{"frameSize":512,"alphaBounds":{"x":116,"y":118,"w":240,"h":295},"visualScale":1.1457627118644067,"spriteY":0.9264504766949152}