{"frameSize":512,"alphaBounds":{"x":190,"y":73,"w":158,"h":367},"visualScale":0.9209809264305178,"spriteY":0.8739220027247958}