{"frameSize":512,"alphaBounds":{"x":184,"y":60,"w":142,"h":384},"visualScale":0.8802083333333334,"spriteY":0.8538598632812501}