{"frameSize":512,"alphaBounds":{"x":157,"y":94,"w":200,"h":339},"visualScale":0.9970501474926253,"spriteY":0.9092830475663717}