{"frameSize":512,"alphaBounds":{"x":174,"y":90,"w":160,"h":341},"visualScale":0.9912023460410557,"spriteY":0.8940778500733139}