{"frameSize":512,"alphaBounds":{"x":169,"y":71,"w":166,"h":347},"visualScale":0.9740634005763689,"spriteY":0.8151553494236312}