{"frameSize":512,"alphaBounds":{"x":179,"y":35,"w":159,"h":443},"visualScale":0.7629796839729119,"spriteY":0.8735239136568849}