{"frameSize":512,"alphaBounds":{"x":187,"y":74,"w":139,"h":364},"visualScale":0.9285714285714286,"spriteY":0.8716015625000001}