{"frameSize":512,"alphaBounds":{"x":170,"y":83,"w":183,"h":339},"visualScale":0.9970501474926253,"spriteY":0.8540168694690266}