{"frameSize":512,"alphaBounds":{"x":56,"y":227,"w":408,"h":116},"visualScale":2.913793103448276,"spriteY":1.29740234375}