{"frameSize":512,"alphaBounds":{"x":175,"y":52,"w":167,"h":408},"visualScale":0.8284313725490197,"spriteY":0.8716015625000002}